{
  "run_id": "20260324_205513_4f5272fe",
  "dataset": "olym_math_hard",
  "model": "/root/.cache/huggingface/hub/models--Qwen--Qwen3.5-9B/snapshots/c202236235762e1c871ad0ccb60c8ee5ba337b9a",
  "n_samples": 3,
  "total": 9,
  "correct": 4,
  "errors": 0,
  "accuracy": 0.4444444444444444,
  "total_tokens": 116834,
  "avg_tok_per_sec": 90.81258542199883,
  "wall_time_s": 1673.049181940034,
  "avg_time_per_problem_s": 185.89435354889267
}