{
  "run_id": "20260325_123031_b95e40f3",
  "dataset": "olym_math_easy",
  "model": "/root/.cache/huggingface/hub/models--Qwen--Qwen3.5-9B/snapshots/c202236235762e1c871ad0ccb60c8ee5ba337b9a",
  "n_samples": 2,
  "total": 2,
  "correct": 2,
  "errors": 0,
  "accuracy": 1.0,
  "total_tokens": 16277,
  "avg_tok_per_sec": 89.78148381406264,
  "wall_time_s": 230.73202392365783,
  "avg_time_per_problem_s": 115.36601196182892
}