{
  "run_id": "20260325_072535_e15938d1_math_prompt",
  "dataset": "olym_math_easy",
  "model": "/root/.cache/huggingface/hub/models--Qwen--Qwen3.5-9B/snapshots/c202236235762e1c871ad0ccb60c8ee5ba337b9a",
  "n_samples": 3,
  "total": 47,
  "correct": 44,
  "errors": 0,
  "accuracy": 0.9361702127659575,
  "total_tokens": 1664491,
  "avg_tok_per_sec": 576.5803379827735,
  "wall_time_s": 9173.290870223194,
  "avg_time_per_problem_s": 195.1764014941105
}