{
  "run_id": "20260325_123031_b95e40f3",
  "dataset": "olym_math_hard",
  "model": "/root/.cache/huggingface/hub/models--Qwen--Qwen3.5-9B/snapshots/c202236235762e1c871ad0ccb60c8ee5ba337b9a",
  "n_samples": 2,
  "total": 2,
  "correct": 1,
  "errors": 0,
  "accuracy": 0.5,
  "total_tokens": 58844,
  "avg_tok_per_sec": 246.35602135845835,
  "wall_time_s": 755.2729996228591,
  "avg_time_per_problem_s": 377.63649981142953
}