{
  "run_id": "20260324_195131_565b285d",
  "dataset": "olym_math_easy",
  "model": "/root/.cache/huggingface/hub/models--Qwen--Qwen3.5-9B/snapshots/c202236235762e1c871ad0ccb60c8ee5ba337b9a",
  "n_samples": 1,
  "total": 47,
  "correct": 36,
  "errors": 0,
  "accuracy": 0.7659574468085106,
  "total_tokens": 235728,
  "avg_tok_per_sec": 121.34844758626419,
  "wall_time_s": 3068.269602201879,
  "avg_time_per_problem_s": 65.2823319617421
}