{
  "run_id": "20260325_001910_7a0cb74a",
  "dataset": "olym_math_easy",
  "model": "/root/.cache/huggingface/hub/models--Qwen--Qwen3.5-9B/snapshots/c202236235762e1c871ad0ccb60c8ee5ba337b9a",
  "n_samples": 3,
  "total": 2,
  "correct": 2,
  "errors": 0,
  "accuracy": 1.0,
  "total_tokens": 19770,
  "avg_tok_per_sec": 293.70978644274163,
  "wall_time_s": 195.77780410367996,
  "avg_time_per_problem_s": 97.88890205183998
}