{
  "run_id": "20260325_001910_7a0cb74a",
  "dataset": "olym_math_hard",
  "model": "/root/.cache/huggingface/hub/models--Qwen--Qwen3.5-9B/snapshots/c202236235762e1c871ad0ccb60c8ee5ba337b9a",
  "n_samples": 3,
  "total": 2,
  "correct": 2,
  "errors": 0,
  "accuracy": 1.0,
  "total_tokens": 74698,
  "avg_tok_per_sec": 388.54050359320325,
  "wall_time_s": 1177.8898962307721,
  "avg_time_per_problem_s": 588.9449481153861
}