{
  "run_id": "20260324_220713_04190830",
  "dataset": "olym_math_easy",
  "model": "/root/.cache/huggingface/hub/models--Qwen--Qwen3.5-9B/snapshots/c202236235762e1c871ad0ccb60c8ee5ba337b9a",
  "n_samples": 3,
  "total": 47,
  "correct": 35,
  "errors": 0,
  "accuracy": 0.7446808510638298,
  "total_tokens": 293934,
  "avg_tok_per_sec": 109.53445114302656,
  "wall_time_s": 3603.576599326916,
  "avg_time_per_problem_s": 76.67184253887055
}