{
  "run_id": "20260324_205513_4f5272fe",
  "dataset": "olym_math_easy",
  "model": "/root/.cache/huggingface/hub/models--Qwen--Qwen3.5-9B/snapshots/c202236235762e1c871ad0ccb60c8ee5ba337b9a",
  "n_samples": 3,
  "total": 9,
  "correct": 8,
  "errors": 0,
  "accuracy": 0.8888888888888888,
  "total_tokens": 48969,
  "avg_tok_per_sec": 120.48288148754636,
  "wall_time_s": 510.0580839300528,
  "avg_time_per_problem_s": 56.673120436672534
}